{
  "static_baseline": {
    "scenario": "static_baseline",
    "fixed_nodes": 4,
    "resource_utilization": [
      4,
      4,
      4,
      4,
      4,
      4,
      4,
      4,
      4,
      4,
      4,
      4,
      4,
      4,
      4,
      4,
      4,
      4,
      4,
      4,
      4,
      4,
      4,
      4,
      4,
      4,
      4,
      4,
      4,
      4,
      4,
      4,
      4,
      4,
      4,
      4,
      4,
      4,
      4,
      4,
      4,
      4,
      4,
      4,
      4,
      4,
      4,
      4,
      4,
      4,
      4,
      4,
      4,
      4,
      4,
      4,
      4,
      4,
      4,
      4
    ],
    "throughput_samples": [
      186,
      216,
      225,
      218,
      191,
      178,
      190,
      224,
      185,
      215,
      227,
      186,
      170,
      226,
      192,
      198,
      196,
      194,
      197,
      225,
      201,
      186,
      216,
      189,
      219,
      176,
      218,
      190,
      183,
      180,
      186,
      222,
      196,
      224,
      176,
      191,
      219,
      223,
      215,
      204,
      193,
      201,
      211,
      185,
      209,
      209,
      218,
      207,
      177,
      170,
      208,
      181,
      212,
      176,
      199,
      184,
      194,
      205,
      218,
      213
    ],
    "start_time": 1755845575.146465,
    "end_time": 1755845635.155884,
    "avg_nodes": 4.0,
    "total_node_minutes": 240
  },
  "dynamic_proposed": {
    "scenario": "dynamic_proposed",
    "resource_utilization": [
      1,
      1,
      1,
      2,
      2,
      2,
      2,
      2,
      2,
      2,
      1,
      1,
      1,
      1,
      1,
      1,
      1,
      1,
      1,
      1,
      1,
      1,
      1,
      1,
      1,
      2,
      2,
      2,
      2,
      2,
      2,
      2,
      2,
      2,
      2,
      2,
      2,
      2,
      2,
      2,
      4,
      4,
      4,
      4,
      4,
      4,
      4,
      4,
      4,
      4,
      3,
      3,
      3,
      3,
      3,
      3,
      3,
      3,
      3,
      3
    ],
    "throughput_samples": [
      187,
      183,
      228,
      200,
      215,
      219,
      213,
      219,
      184,
      211,
      51,
      43,
      49,
      57,
      49,
      45,
      48,
      48,
      56,
      57,
      45,
      52,
      51,
      52,
      49,
      208,
      180,
      190,
      192,
      194,
      183,
      205,
      195,
      228,
      203,
      176,
      198,
      225,
      173,
      224,
      1093,
      1089,
      1086,
      993,
      994,
      863,
      1053,
      878,
      978,
      1096,
      488,
      466,
      491,
      478,
      447,
      486,
      528,
      485,
      468,
      468
    ],
    "scaling_events": [
      {
        "time": 3,
        "from_nodes": 1,
        "to_nodes": 2,
        "trigger": "NORMAL"
      },
      {
        "time": 10,
        "from_nodes": 2,
        "to_nodes": 1,
        "trigger": "NIGHT"
      },
      {
        "time": 25,
        "from_nodes": 1,
        "to_nodes": 2,
        "trigger": "NORMAL"
      },
      {
        "time": 40,
        "from_nodes": 2,
        "to_nodes": 4,
        "trigger": "PEAK"
      },
      {
        "time": 50,
        "from_nodes": 4,
        "to_nodes": 3,
        "trigger": "HIGH"
      }
    ],
    "start_time": 1755845635.1559782,
    "end_time": 1755845695.1663969,
    "avg_nodes": 2.2,
    "total_node_minutes": 132
  },
  "comparative_metrics": {
    "resource_savings_percent": 45.0,
    "throughput_improvement_percent": 72.27813357731014,
    "static_avg_utilization": 4.0,
    "dynamic_avg_utilization": 2.2,
    "scaling_events_count": 5,
    "efficiency_ratio": 1.8181818181818181
  },
  "methodology": {
    "date": "2025-08-22 03:52:55.146433",
    "duration_minutes": 60,
    "scenarios": [
      "static_baseline",
      "dynamic_proposed"
    ]
  }
}